Sprint,Sprint_Name,Theme,Status,Start_Date,End_Date,Completion_%,Feature,Sub_Feature,Task,Story_Points,Priority,Owner,Deliverable,Notes
1,Core Architecture,Foundation Setup,COMPLETE,2026-01-06,2026-01-20,100%,App Structure,Constants & Config,Define app metadata and validation limits,3,CRITICAL,Mark,app_constants.dart,Production Ready
1,Core Architecture,Foundation Setup,COMPLETE,2026-01-06,2026-01-20,100%,App Structure,Database Schema,Design & implement 10-table schema with migrations,5,CRITICAL,Mark,database_service.dart,Foreign keys enforced - 10 tables with proper indexes
1,Core Architecture,Foundation Setup,COMPLETE,2026-01-06,2026-01-20,100%,Navigation System,Router Setup,Implement GoRouter with 10+ route configurations,5,CRITICAL,Mark,app_router.dart,Auth guards working - redirect logic tested
1,Core Architecture,Foundation Setup,COMPLETE,2026-01-06,2026-01-20,100%,Theme System,Light/Dark Mode,Material 3 theme with persistence,3,HIGH,Mark,app_theme.dart,Theme toggle working - SharedPreferences persistence
1,Core Architecture,Foundation Setup,COMPLETE,2026-01-06,2026-01-20,100%,Error Handling,Exception Classes,Define custom exception hierarchy,2,MEDIUM,Mark,app_exceptions.dart,All layers covered - Auth DB Utils exceptions
1,Core Architecture,Foundation Setup,COMPLETE,2026-01-06,2026-01-20,100%,Utilities,Validators,Email/password/phone/URL validators,2,MEDIUM,Mark,validators.dart,Regex patterns tested - security hardened
1,Core Architecture,Foundation Setup,COMPLETE,2026-01-06,2026-01-20,100%,Data Models,User Model,Implement User model with 13 fields + serialization,3,CRITICAL,Mark,user_model.dart,Immutable design - copyWith pattern
2,Authentication,User Auth,COMPLETE,2026-01-21,2026-02-03,100%,Authentication,User Registration,Implement secure registration with validation,5,CRITICAL,Mark,auth_service.dart,SHA-256 hashing - salt added for security
2,Authentication,User Auth,COMPLETE,2026-01-21,2026-02-03,100%,Authentication,User Login,Implement login with password verification,5,CRITICAL,Mark,auth_service.dart,Constant-time comparison - timing attack resistant
2,Authentication,User Auth,COMPLETE,2026-01-21,2026-02-03,100%,State Management,Auth Provider,Reactive AuthProvider for login state,3,HIGH,Mark,auth_provider.dart,Session persistence - 7 methods implemented
2,Authentication,User Auth,COMPLETE,2026-01-21,2026-02-03,100%,UI,Login Screen,Build login form with validation,3,HIGH,Mark,login_screen.dart,Error snackbars - real-time validation feedback
2,Authentication,User Auth,COMPLETE,2026-01-21,2026-02-03,100%,UI,Register Screen,Build registration form with validations,3,HIGH,Mark,register_screen.dart,Email uniqueness check - all fields required
2,Authentication,User Auth,COMPLETE,2026-01-21,2026-02-03,100%,UI,Profile Setup,Profile setup screen after registration,3,MEDIUM,Mark,profile_setup_screen.dart,Avatar upload ready - image picker integrated
2,Authentication,User Auth,COMPLETE,2026-01-21,2026-02-03,100%,Role Management,Multi-Role System,Implement student/teacher/admin/coordinator roles,2,MEDIUM,Mark,user_model.dart,Seeded test accounts - 4 roles supported
3,Portfolio & Projects,Content Creation,COMPLETE,2026-02-04,2026-02-24,100%,Portfolio,Portfolio CRUD,Full Create/Read/Update/Delete functionality,5,CRITICAL,Mark,portfolio_repository.dart,Parameterized queries - SQL injection protected
3,Portfolio & Projects,Content Creation,COMPLETE,2026-02-04,2026-02-24,100%,Projects,Project CRUD,Full Create/Read/Update/Delete functionality,5,CRITICAL,Mark,project_repository.dart,Image path serialization - 16 fields managed
3,Portfolio & Projects,Content Creation,COMPLETE,2026-02-04,2026-02-24,100%,Image Management,Image Upload,Image picker integration with validation,3,HIGH,Mark,project_image_service.dart,5MB limit enforced - quality 85 compression
3,Portfolio & Projects,Content Creation,COMPLETE,2026-02-04,2026-02-24,100%,Image Management,Image Gallery,Hero animation & swipe navigation,3,MEDIUM,Mark,project_detail_screen.dart,Smooth animations - pinch zoom supported
3,Portfolio & Projects,Content Creation,COMPLETE,2026-02-04,2026-02-24,100%,State Management,Portfolio Provider,Reactive portfolio state management,3,HIGH,Mark,portfolio_provider.dart,Immediate UI updates - notifyListeners called
3,Portfolio & Projects,Content Creation,COMPLETE,2026-02-04,2026-02-24,100%,UI,Portfolio Screens,List/detail/edit screens for portfolios,4,HIGH,Mark,portfolio_screen.dart,Responsive design - Material 3 cards
3,Portfolio & Projects,Content Creation,COMPLETE,2026-02-04,2026-02-24,100%,UI,Project Screens,Add/edit/detail screens for projects,4,HIGH,Mark,project_detail_screen.dart,Form validation - all inputs validated
4,Certifications & Resume,Professional Info,COMPLETE,2026-02-25,2026-03-23,85%,Certifications,Cert Model & Repository,14-field model + full CRUD operations,3,CRITICAL,Mark,certification_repository.dart,Migration 5 ready - expiry date supported
4,Certifications & Resume,Professional Info,COMPLETE,2026-02-25,2026-03-23,85%,Certificates,Cert Image Upload,Image picker with 500KB limit validation,2,HIGH,Mark,cert_image_service.dart,File cleanup on update - unique filenames
4,Certifications & Resume,Professional Info,COMPLETE,2026-02-25,2026-03-23,85%,Certificates,Cert Provider,Reactive state with search & filtering,3,HIGH,Mark,certification_provider.dart,Real-time search works - sort order maintained
4,Certifications & Resume,Professional Info,COMPLETE,2026-02-25,2026-03-23,85%,Skills,Skills Model & Repository,Proficiency levels + skill management,3,HIGH,Mark,skill_repository.dart,Full CRUD operations - 6 proficiency levels
4,Certifications & Resume,Professional Info,COMPLETE,2026-02-25,2026-03-23,85%,Skills,Skills Provider,Reactive skills state management,2,MEDIUM,Mark,skills_provider.dart,Search filtering - all providers centralized
4,Certifications & Resume,Professional Info,COMPLETE,2026-02-25,2026-03-23,85%,Job Alignment,Job Matching Engine,Scoring algorithm (skills/exp/location/edu/certs),5,CRITICAL,Mark,job_matching_service.dart,Weights: 40/25/15/10/10 - 8 seed jobs tested
4,Certifications & Resume,Professional Info,COMPLETE,2026-02-25,2026-03-23,85%,Job Alignment,Job Feed Provider,Load jobs with alignment scoring,4,CRITICAL,Mark,job_feed_provider.dart,Empty profile handles - threshold 0.15 set
4,Certifications & Resume,Professional Info,COMPLETE,2026-02-25,2026-03-23,85%,Jobs,Job Display,Show jobs on dashboard with search,4,HIGH,Mark,dashboard_screen.dart,Search bar added - real-time filtering working
4,Certifications & Resume,Professional Info,COMPLETE,2026-02-25,2026-03-23,85%,UI,Dashboard Enhancement,Jobs section + alignment badges + search,4,MEDIUM,Mark,dashboard_screen.dart,Color-coded badges - Green/Blue/Orange/Red
4,Certifications & Resume,Professional Info,COMPLETE,2026-02-25,2026-03-23,85%,Experience,Experience Form,Add/edit/delete work experience entries,3,MEDIUM,Mark,experience_screen.dart,In progress - model designed
4,Certifications & Resume,Professional Info,COMPLETE,2026-02-25,2026-03-23,85%,Education,Education Form,Add/edit/delete education entries,3,MEDIUM,Mark,education_screen.dart,In progress - model designed
4,Certifications & Resume,Professional Info,COMPLETE,2026-02-25,2026-03-23,85%,Code Quality,Provider Registry,Centralized provider setup in AppProviderRegistry,2,LOW,Mark,app_providers.dart,30+ lines reduced from main.dart - cleaner
4,Certifications & Resume,Professional Info,COMPLETE,2026-02-25,2026-03-23,85%,Code Quality,Theme Widget,Reusable theme toggle widget,1,LOW,Mark,theme_toggle_button.dart,Eliminated duplication - DRY principle enforced
4,Certifications & Resume,Professional Info,COMPLETE,2026-02-25,2026-03-23,85%,Performance,APK Build,Universal APK 57.8MB (all architectures),3,HIGH,Mark,build/app/outputs/flutter-apk/app-release.apk,Production ready - all ABI support